Produto;Preco;Vendedor;Link
Bicicleta Aro 29 Gts Dexter 24 Marchas Freio A Disco Cor Azul Pantone com Preto Tamanho do Quadro 19;1.413;Particular;https://click1.mercadolivre.com.br/mclics/clicks/external/MLB/count?a=SOBfB6Al1Kiq2kazRAdZ6aMpsXC%2FccQQfql6f7IutERYq3zSZf7P7a1Yd%2FCg%2Fvxn0G2SfuerZLG%2FzPXIPGZBOMy7Uw1YhHTiwIpeB9ciPpZT7oechRIiWm7jBwW8hD6sMUoXYbjejisEVtTHVc2g9Ahnug7R4bSiKrywWbtEI%2Bnc9JGrXiwGYZ3OLGseCyIw4Cn%2FrUvIqimJSWnPqTxLuiB%2FAStz%2FgSn3EoFQe%2Byh8tSKNnuQ6C%2BMhiRYj5pJ4%2FxGxYXLZlQ7LcxxNsOLfKfz4jTEyU9bwCFVaWSZsNOCiRKMZIOcUNqEopnlqDFV5V6L0n9xH%2BgvKPCuLilv4eVlEEaQ619F%2F35s4MsR3PhlQ3ob8D%2FnDTXcpCW3iu25%2B5EGd7fwUf%2BTCSlj1fVKt8LoPnC9Idy1d55ddNm%2ByMtKld338ry4Z4sZExGwGR%2BqZJ0P0CxdQxpEx16x71cL%2FTTkdjEj6jpn9vkS91bboEdP%2Fr10mewb9JrJyicobY1AtFY4SM5zYQPsNrEjAh%2F2OR1Ajaqe2YWAEFuryDEoOg9m4FJdqeMvcsT%2BNch3LaDZ%2B4tk4kXuLBp%2FT0NrVngozjwhdKMJXFZhZFZF1A5Sk0eH4LOZN70sj7N0j1ShwL0tQXsCVbM2pNXAqgFMahIJDKCsdyIM7JrbbAhUYf9%2FDoPiBkCg7zd7PceIW7vlLtHb6YF%2Bnt%2FVJfeXrSzWWoyvRdg4VhSorsPQQL1IPVsXGI6ps13nzkhP3fgA6Fko2Mkn2sC05TKZCVM%2BzJjLYpV5r%2BQFkUpTOb6edg0PM3Bb4jSLVnK2Hd79lPt6bOEu9SIMjR3YPiEKjBGCjdeMGd8CoY7BKkS1Pa9FWtLvpOEME9s7FtH9vMmmbJHhzWkcQi1kvpyWMuCXG2sLP188t21NaZiQens3jtDXnkdRlmHFBjjAq%2BJ9SSSZ72WUa9drt7ETzK%2BdIV39eGhwWSFYo6o4apugtbT4nD1%2Fdbt4jPANzR1T8zvIR0HXm929aK7Kw%3D%3D#polycard_client=search-desktop&is_advertising=true&searchVariation=MLB37796950&backend_model=search-backend&search_layout=grid&position=1&type=pad&tracking_id=5dd12279-2155-431a-ab8d-c3698baf5f73&wid=MLB5451783878&sid=search
Bicicleta Aro 29 Gts Zt Aço Carb 21v Freio-disco E Suspensão Preto/laranja 17;1.099;Particular;https://click1.mercadolivre.com.br/mclics/clicks/external/MLB/count?a=ObxLiMUpdJKlv0giwDEnoguoOdZU6B04ptWnlgibu%2BoaltOSWIm8WFcGhj3bmq6fBWvkN2d3gZa%2FX2C1615cx3PbK7JxfMQrQyPTEGqNzqhVEz%2FcaNxe9vCnaIddW%2BV8Dz1sex58QrIzoETnMZ6Agual6P%2FVVl9dzjflcgq8QtFDSjUFlK5RGi6TJ8Kw0nxTgLn8l3bJIp%2FS692w6LwepwcuG9cu373iJGXouivuaqCeSr38ul08oKyly3FxkJrWQvm2hsHfr8GCgsiDX7jUp5JVXbV5y7enFR8ub6D8gzWn2kFzlz1Enkq8Lvogv%2BFaTc34FjLiVmUckhPWJZeyUs2O3Xg2zQ8ObbwS81Acp8RZVteOFUaqrcNTi0Wqjzezg7z23EUNRTZMywwkVbdjTb4Z1xMfEEjN1RYU1BnplYZkDkxFutMy0Wg4%2F5mbyEIwNBROrBYiVL3xT67AkPCOj7GiyB8%2FBl6Fwp2%2FB9JckZUWYFS2jfYzIymwz0EjUUFRiHEmRmxRSnMOPPYWqFjQwrgomOLLjUF9scKyFM1a%2BH9TR8CbIxyWQR5B%2FbnjMRmulfzBPSpimcVZxRu8ztUDsMTHMaI3andYbNiYdt2m4lEuqMmIHo9wTEMP%2B8FXABMBp6N65HceO8aTLag1svzPQCzabYZtVz75v9wwr5a4IrUfGgYM%2F1pY%2FQOH2ILoNY3fvtk4ZKENMow3w3xQklY6jpwAIHhJuzMcLw0qIJBVbv4oMM92R2FJ6PQDNR8%2FvIZodgDEvrUiAsUyuB0naITBA7y3wcW4fC2F%2Fe%2BwfAqj%2BBz%2B5G7E3UQLwGl9FyKIKkAklnAu%2B6YXK9cqrcg%2B8CZTW0583Q%2FITtUTe7YJEylgy7BlLnmqHexq1EfYWIbbxKndZvnylgxXLuo3lZDyAYUqAiX2ZBNE%2FsrDqHRvVVp2X94oIMbb%2Fq%2Ff2k71gCaqc4eykMwYMWy35thJsgiz0drplv84AGs%3D#polycard_client=search-desktop&is_advertising=true&searchVariation=MLB64296970&backend_model=search-backend&search_layout=grid&position=2&type=pad&tracking_id=5dd12279-2155-431a-ab8d-c3698baf5f73&wid=MLB6419000032&sid=search
"Bicicleta Aro 29 Gts Supreme Quadro Aluminio 24v Freio Disco Cor Rosa/Preto Tamanho do quadro 19 """;1.499;Particular;https://click1.mercadolivre.com.br/mclics/clicks/external/MLB/count?a=8nw7nTxDWReu1otffMFgwYoUChi4dLkTuNwP9mhkoWEFpEAJjgXxFIxYl4tEHZeBomceTZGPmHYc5q37%2BZlkViUSPSBbrwtUyvSzzf1SvQr6BwfwvBr0fI9wdmeqaMcFHkkxxn6TGW2Ydm7Bbs1ybgtEYJqSJFyba60ny26ducrFKXRioLUtR2KXwzgXec3%2Bog4%2FUbEXHQJ6%2FesTr4Ce%2BLMglVF9OOlWKJ2I8mARgmAeaRkTcdy04hlpqmJpqenwUhWmNc2ysvvPwjaFRXddy8xyLhF8gLlJAtaKk0UyvPBK99hb5bkx8NzGRWbiuZ5p93c188IIM%2BoV68AOvtfCO14ryEbrVCPOYm7eAfrdyHHMKm8yaXMWWhavkecCVKRZ6PtXN5Ep37N30iP7aeiHAC7AAEgAds4GcaSQITTuemcnVX%2FqrfGfEa9mhQhqJckP8Kif7TfmcNdaMIO50C71xxANGzdUwPUrsdDD0MENVm%2FSgjc3d0DgjTwG9mYLWO2d0mD6XsV0XwzkBwDkELsic4erJc1xHW6phyfzQTELfC6KftDpUEeQtnz%2FbkOrGmzIC%2FtYeryaX4vZ6yJQlKrOw9IjUKu6Kf8wF8F5rXR%2FGsBSJ7EbieBsmtNwGbGV9hW8OWhVt1gTIYsnkiuf7fB%2BgcqeLF1eHvT7hg8tZrvlPvtFKdrPK6R2Iht3kJMthFTE7wNZlFcgoEjl75pHdb9PNAV63%2BvNWv%2B8C%2FISkb46OhGt5P3ZPaq2dLgHrifObKDK8xxYI5DSL5kurUqTxzADUkM4na9H5TzsAZcZ49HYazGlUTd1%2Ft9bh2QwhzJQOI3HOm5EfNOhupHNg6sKrpyI%2BOT%2B2y4zJw%2FDa38FVZkAeJmL60sTuwWGSqGL8K7UsgpoaELwwhPae%2B8MthiMD%2BqqYP%2BDYUA6wXu3NitKodeLGVaSOkI8Jw0xBJD3kYi29zhhiPbvYvNm%2Frr7vd4pgU2%2FBggTJjLFiKBVuYl9rf78EVRUPcalhKc%3D#polycard_client=search-desktop&is_advertising=true&searchVariation=MLB36102172&backend_model=search-backend&search_layout=grid&position=3&type=pad&tracking_id=5dd12279-2155-431a-ab8d-c3698baf5f73&wid=MLB3695116123&sid=search
Bicicleta Alumínio Aro 29 Ksw 24v Freio Disco Xlt Cor Grafite Tamanho Do Quadro 17;989;Particular;https://click1.mercadolivre.com.br/mclics/clicks/external/MLB/count?a=fnnouJabNY%2Fz4p%2BSQikBNHtWFAoj%2FbGrMpTx%2FdEehr56fFhECer3ksHzDRSAHbL5MXTG2fhn3%2B8xHf8K7sXppW7DYfvTlkxeOqOl78gHGev3RxQg0GiHvVKxvlLq%2FnK2PTtA8Wyst1akLTeQxux95bfaYSW0Bzujl7jl7t5lvs92yEGUIYC%2FjBAOhAKenFtlGlMetNaol40XXl7P6anoGsXunhKzb5%2FZFib9hG46Yu0OXDsbiTDCuoQsS%2FXaacozgd0B%2BRKbK1jPBoND4ydR13QFdjpHRNYr4cjxJdJpKGn%2FRrWgzQc2YeGMJDVoM5K%2FGlWGS8yZVqjddbzgACLfdo8cr5ms7%2B7b%2BHojK%2B83TJGmn%2FBTDjc%2F8QOd0alnyeU1tkLLSPRXf06Vpgvti%2FQNyfXO3mdwZ37H0Wdiso%2FcNKJJjII0P7YqiGPR6rW%2F1voNpNfmoXrI%2FWWREcv%2B9fIHfnwdr4PLtNOrXOIjHZcdue4Dy1HBCwyBy4qPWFn5gFw2jBOK3%2FkwULkcMOCmk41FOE1YkfNf8NObymx6iXypFLjeJcEKcvP%2BO2emZxh9UzUyuhDyXdfGWW2eHi6U%2BPn2oI9y%2F1oGhj4vJ6tuVnTsWrB7Sj3i1i6MEzEOF9M6vgCZ3ee%2FDzhNcLkD6cDWg1B8fUAIXPPeLCab3OerpSGA2tcdiEcTQF%2BmaD%2F6VYxN9JSg%2FpfihBInrkj6qGLeD9c2jXMZHc0apME0V8Biijnn6CI6HCQ9JuB7LDWHFcyGuQf3UPUuOrMPWtklTj5ALvrbE8TqjDNXFvz9H9%2B9um5lySWjhUzd8RrVO9maQfdqNwCg69dhfxO%2BVANXkEMXGh7I4nCb%2FyMeZXSim5j85SuaoBbF37b9kncH51x5SBT2i5yyQFDmIQOJilD%2FIPLlICmygD5CXKYwZ7pHyk%2FAa6ZScMfSvuZyKrymGD9HGGJNprCarXg5upWF%2FyVHxD22uyxfjedo7ioPfSP3#polycard_client=search-desktop&is_advertising=true&searchVariation=MLB44353150&backend_model=search-backend&search_layout=grid&position=4&type=pad&tracking_id=5dd12279-2155-431a-ab8d-c3698baf5f73&wid=MLB5501004906&sid=search
Bicicleta Aro 29 Dropp Z3 Câmbio Shimano 21 Vel Freio Disco Cor Preto/vermelho Tamanho Do Quadro 21;1.499;Particular;https://www.mercadolivre.com.br/bicicleta-aro-29-dropp-z3-cmbio-shimano-21-vel-freio-disco-cor-pretovermelho-tamanho-do-quadro-21/p/MLB36676535#polycard_client=search-desktop&search_layout=grid&position=5&type=product&tracking_id=5dd12279-2155-431a-ab8d-c3698baf5f73&wid=MLB5321172616&sid=search
Bicicleta Alumínio Aro 29 Ksw 24v Freio Disco Xlt Cor Branco Tamanho Do Quadro 17;989;Particular;https://www.mercadolivre.com.br/bicicleta-aluminio-aro-29-ksw-24v-freio-disco-xlt-cor-branco-tamanho-do-quadro-17/p/MLB45524925#polycard_client=search-desktop&search_layout=grid&position=6&type=product&tracking_id=5dd12279-2155-431a-ab8d-c3698baf5f73&wid=MLB4127384887&sid=search
Bicicleta Mountain Bike Alfameq Makan Aro 29 Freio Disco Alumínio Azul;1.099;Particular;https://www.mercadolivre.com.br/bicicleta-mountain-bike-alfameq-makan-aro-29-freio-disco-aluminio-azul/p/MLB26852495#polycard_client=search-desktop&search_layout=grid&position=7&type=product&tracking_id=5dd12279-2155-431a-ab8d-c3698baf5f73&wid=MLB5936609470&sid=search
Bicicleta Alumínio Aro 29 Ksw 24v Freio Disco Xlt Cor Azul Tamanho Do Quadro 21;1.090;Particular;https://www.mercadolivre.com.br/bicicleta-aluminio-aro-29-ksw-24v-freio-disco-xlt-cor-azul-tamanho-do-quadro-21/p/MLB45467190#polycard_client=search-desktop&search_layout=grid&position=8&type=product&tracking_id=5dd12279-2155-431a-ab8d-c3698baf5f73&wid=MLB4127318445&sid=search
Bicicleta Aro 29 Ksw Alumínio 24 Vel Freio A Disco Suspensão Cor Preto/prata Tamanho Do Quadro 17;1.999;Particular;https://www.mercadolivre.com.br/bicicleta-aro-29-ksw-aluminio-24-vel-freio-a-disco-suspenso-cor-pretoprata-tamanho-do-quadro-17/p/MLB62741742#polycard_client=search-desktop&search_layout=grid&position=9&type=product&tracking_id=5dd12279-2155-431a-ab8d-c3698baf5f73&wid=MLB5993663268&sid=search
Bicicleta Alumínio Aro 29 Ksw 24v Freio Disco Xlt Cor Azul Tamanho Do Quadro 17;989;Particular;https://www.mercadolivre.com.br/bicicleta-aluminio-aro-29-ksw-24v-freio-disco-xlt-cor-azul-tamanho-do-quadro-17/p/MLB43089297#polycard_client=search-desktop&search_layout=grid&position=10&type=product&tracking_id=5dd12279-2155-431a-ab8d-c3698baf5f73&wid=MLB4127357027&sid=search
Bicicleta Aro 29 Southbike South Legend 21v Câmbio Aluminio Cor Grafite Tamanho do quadro 19;979;Particular;https://www.mercadolivre.com.br/bicicleta-aro-29-southbike-south-legend-21v-cmbio-aluminio-cor-grafite-tamanho-do-quadro-19/p/MLB47041830#polycard_client=search-desktop&search_layout=grid&position=11&type=product&tracking_id=5dd12279-2155-431a-ab8d-c3698baf5f73&wid=MLB5440647136&sid=search
Bicicleta Alumínio Aro 29 Ksw 24v Freio Disco Xlt Cor Azul Tamanho Do Quadro 19;989;Particular;https://www.mercadolivre.com.br/bicicleta-aluminio-aro-29-ksw-24v-freio-disco-xlt-cor-azul-tamanho-do-quadro-19/p/MLB42134950#polycard_client=search-desktop&search_layout=grid&position=12&type=product&tracking_id=5dd12279-2155-431a-ab8d-c3698baf5f73&wid=MLB4127318143&sid=search
Bicicleta Aro 29 Hawks 24v Câmbios Shimano Freio Disco Branco Com Preto 19;1.699;Particular;https://click1.mercadolivre.com.br/mclics/clicks/external/MLB/count?a=%2B9rdoVgNxNLnAY2B%2FzEY%2BdTDlVTcPrQjxf064AFTEKdx0771Pdremkuewt6eNwwrcRsoh%2BWvbNsAVbhPjIXQognzPdQTYxLAdXlqggcHOF%2BVLk9wMnmZzfL7lWBcu0gIJ1DoIAiTGN1KOY9J%2BszeeRJNG%2BqEe56GAmfOa%2FMuO4oXHb%2BPcbnK2MEQc66zPSbX%2FdHZDvq4gSW%2FFygj4i89Ex5rfdJg4u8au8%2F8DF0x9WUrfViNdtlOX%2BxeprKHl1pZSI0o17URheD1CbPqzu9a78JEMpLcN4FHNCvoYFPPljZgmoYi2SACsB0SzqMtf%2BlIALbCFGy1vGGQilg4KFaJl6q1UNqYF6a4sVvGs97g8T99hdzPoNRV1gNpKrLb3OfVaFD972zjGdj%2BvTHCmHR0ipCwBqv7OS9ThmVTj9UmxqZa1bpWRYrhGataWlMgHbhSsswbMcU9a20o7SqSWUgfNXzvdzg2AkV54u3NLnUjz1oNuTP%2B2FSavLKtnb2ps8x6QVlLgN96pXKesL1oLF7s%2BAG38CNbl6AJMPnbL9PEVb%2BdgQt%2Bk%2BILJzb1deUMMhPkBkCcrPFs3wBfID4cWnqHDaBxX8%2B%2FectL%2BFdDoud5cS657DhFoDCxVp9xCuR5erX8YoXPT2PIH%2BbMkqWD4x8lF%2BgAGwOGKTG%2BVQqDU2cvCJjn5yHal9VdBwYPzbf2HXI9d3zWgSQvE6hKbREsofS9cZJF7jQutQPyoC8%2B1oqrm63gpxnH0NlAeCSu7Vn5ii84e7Hf6R9ZyUaMY5Ww3dQ%2FeR0jDL2k59x2stwTdrk0MvTkzvQKBRVE0lLyscGsYsgDDNCqQDIVA53ZJ3BY6Ls5vWFtawtKy9a4k%2Bnzp%2BCbWXJFvZ3piLo%2FN5vJqus7s3XOPL1nVqdCkVEXtkTObo1%2BFUDdbKBIM5qwwBfOfEFs0Vnepb%2FNnOS%2BgvXaehNLm7f3QXbUm245xzc%2BLPvlRpalWMA%3D#polycard_client=search-desktop&is_advertising=true&searchVariation=MLB65620493&backend_model=search-backend&search_layout=grid&position=13&type=pad&tracking_id=5dd12279-2155-431a-ab8d-c3698baf5f73&wid=MLB6311081222&sid=search
Bicicleta Aro 29 Gts Dexter 27v Shimano Fr Hidráulico Cor Bege Com Preto Tamanho Do Quadro 21;1.899;Particular;https://click1.mercadolivre.com.br/mclics/clicks/external/MLB/count?a=r507pSjQ%2Bnho1xdl8mpz0TEzPgecsoRzD%2BQHc3Vgnjyk3zuNrqX7uJ8Wckkxh%2Fcne7%2FWt9IhZfiuHP1dDbaAmXV1ER3IwKDZUUGUC%2B2etKi2CbYgKh1UGU9yrLz6eQreDQXPhlnUMJp1JApt0NfyLPGhg%2FRf%2FmlZFN%2F2M69eQxi8771uj9WD%2FUpX71o2M%2FkDLAVS1kqprQeWWU%2BJYikE3qtTtv21MUM%2BxuHviSg1a6cxYz9Ffc9Cv%2BvEuADKExri5ksyeY4SUIsQZ5EYrOV5aiiqcSESyY8riKyTxuZvWvVuOuWSWc%2Bq4etNClFD7aVars6aKoFKmxrorIZFUXBkwm%2Fi2unI9cOR5sIBONN9paGWWjQEaTOD%2B%2BkT5ugMPNCsPL1PiyZ%2BKCkkuw44KU23TA37pV7jdpjYIcO90OHMVNaXNOrVuvW%2Br4UPAUr44lCOZW45U%2BBRdcrPrpjO6aQMb1YqdjdvA76GvIuiB9FkWCRzFuiYdPLjWn%2BQ1DBYyVu83QdargnIxzGPIPI2gflvRYvuSWnnM%2BOBdEqFIs9s377u4A1nMb1Cj6v75KrDGrTa003hsabXKU9%2FEa%2BSKHUEWixo2IZTg8la5gb3MDRhUYp1yxdGC8CQ%2FkCcppdPWx7SfeoAu0EjcaGAFfj0fwQBLJyVg8SBjqoNNo8%2FX9YNnoSoXzAV4CNzRNVdTBcwTQ%2BpBQKNSp%2FM9IETY5YgKyO%2FLY%2Fo1GNvih3JsWo37CTgYbCVeaLBMM9vxkk8f1o2P3yAEbgIs8XIHAJA0vc5oYo3BveOEPpSq2HYZ1A%2FOTAl%2BAvrRqEfcdUk4r1%2B10yLzgV4McbQ4PoprATcRjYtU6pt9aGL8fxNkroNmwHS5wUsEcNHDe9PzHhw1ShVj%2Beym%2BIm2lsh8ChE4hpt17ENxiC9l4EOlh4Rpm%2FDGqtUmzahjTi2t2aaRgiPWI24D2PRRE8GGjATN67aanAPbk8OLkuHZFygj8HSlh%2Fs%2Fv53Qq4loQPQ%2FTtwqEW3#polycard_client=search-desktop&is_advertising=true&searchVariation=MLB57681347&backend_model=search-backend&search_layout=grid&position=14&type=pad&tracking_id=5dd12279-2155-431a-ab8d-c3698baf5f73&wid=MLB5741881844&sid=search
Bicicleta Ello Aro 29 Mountain Bike Disco Aço Carbono 21v;998;Particular;https://click1.mercadolivre.com.br/mclics/clicks/external/MLB/count?a=Ee4kQmk976dicwTgcAYFK9l2Nz8wXBYlqUgVsSAcKeXyIUmOptq5rXEqGNC2rPF%2Fn3TaNL%2FwBU%2BHcBRLO3SQbz8TXwK%2BuI5lG1hEKYCz6Q7Cmbr7LiCKfOihgaQkzIRQvgNLb3gM6cYU1wOcHq9xYWLyvwRskulQMBOVZKi%2BuAE0r1TvpuuxxXu7H2ldVbHsbtZa1q7%2BSzvUCazaeIWNaHY5rX5rFobeJtQ9GJCJx7Tk%2B5WQ2OKeijeKF6DMGg0GI3KUKz8Eip%2BRrPyi4If25khdtSdajbmLtpINY8JA4Lp3i%2BENk7jevZGMYPd1%2B8UmBtlkryNbu91mryFDKo4W7lu16qNayYm53xSkzLCwgv0pefXr3DguNlHVxWLZPe6EWg4lG3DbGCrn7Jbl5M0zcBdTywXaRYVc%2Fx8tg51XZ0ph%2FNPUCUiLp4se9Tvdr3C%2BkipRup6uVG7bxWtaEH188RLIy7VPkTF1TWOs%2Fe2JQ8yKgW98OakMk96imxeVNzQihWTz6PPzI1y3jIbrtD1efwMebEgo2jSxop1JKvXZ3MpgGO3vvXK6NJtqz4LXSwRfGDwJjYUlMX4UewKvGN4krPLXWOXsRPS6caAbRyNaKtRUW6DSQAYbMkbIyk1cuyJ%2BMJGx8hhd6aPf0JcdSD61FOaJ5N8VaL1ekTfp7KEd%2B6N7eyXXmZ9h7HSh91YVCWMxHJzb%2FrcFoY3cLO8aUnCO0aRVB0a%2F1uk%2FuxL0v%2B2o8QHOo%2BpVGfg5Ke1y1MOYVCZ6V8OGb5Oku9BEjgE5WIA73ViVrAxGWTNYhWfcFYQHZIeg7uX5jkYKSYj7%2FdrKAfkDslMZXarRdVhX0Bss4jCNKzaZsCZqEK5uoZY7O1Jv2VnzcGFLs7Ntuq6kYY2LJQ9FLJm35v7brmmVdp8HIuDlHqv2jjQpnl9p3M%2BZkq5FDkj%2BINIFz3jgWwnfZUeYVrkyfg%3D%3D&searchVariation=189994585481#polycard_client=search-desktop&is_advertising=true&searchVariation=189994585481&backend_model=search-backend&search_layout=grid&position=15&type=pad&tracking_id=5dd12279-2155-431a-ab8d-c3698baf5f73
Bicicleta Aro 29 Krw Alumínio 24 Vel Freio A Disco X42 Cor Grafite/Preto Fosco Tamanho do quadro 21;1.584;Particular;https://click1.mercadolivre.com.br/mclics/clicks/external/MLB/count?a=LtJ4O%2FowjI1WYMUcZEJ9T%2BjpOD%2F1BH1SXbH7rOfqx%2BpuNysDl12jzpeFAQHTi2hLXtZz2HFgqCMNda8Z4WG8jQeZO7p7lMDJzhuH3ereJpRxH6XX%2BOjm%2BnKK%2F0tcQEhJn2VXWtLPWI5QpzDCU8YLbpzTA8dT1T0qKaFoStyhd04BUtcKCV2fZuJTyaWpqn%2BVXM3s%2BJwx7PANHjc26ubwEGbZNyIApa7KdgAk3s%2B6GbxF7gJphkPFaADXzY0hzXAoVUNPC2trg83bWoEL2O%2BtaCPe1N4YoqPP9oZkRS5T69AG2wl8i%2FMjyneyip1WeCsIxwXqkBFQnl5Z76c%2BDFf7NdU%2Bj89HeJXB7FqmoF21StL5%2FhdoEVyKu2hCHXv1ZOZNuuAnJvFFVjlsn8dzaweVApnS9Wgv6gZmqqDh%2B98tal8B0CQLzR981kmIUP3zfSqsvAiCrt%2FfKA4y6zSDOgxIE8A5r15dypGNOoxqQqJx0%2B6wJajv1kDUn1oOEzhOOPDteDNvjETasCJceHZieQnuJNh3oO8VGg7NAcNTG%2FE5XZqnq4t6xk%2BFqdpZUIcuTzgA5tqjc6K2glabU3vfP4%2Fmyl300%2F6s6FzcZCkNQgDhqzkM4Sht4BCVVP6d8X6camMEzhuI4fZ8eYh7PCyeemfAlE1sfQ9gm2MsEwJpFTsPOpbDElibMCF23IiV%2Bo2CqlniU%2Fr6qO0CN5VmbQql6pCkgyard%2FXvqJWgly8A7gv%2B4GgvLv0B%2F8YE1EGAt%2B6hhpqYmklFpRh%2BkN9NiheVsGYZQfE%2FaBPlQGJ2PwheqPyBdoCDlEPlrEBz5fVbNc1BbalfAQ8Sa%2F8faQ9%2BuBONWQU7MA8kdxptuABrxUa8tE49%2FYynIHytrqDqX8MdPmAxwUpE2lnwZpm68oTPOk6E1XluEfCeIWD9DLGryuLFtAZnxtTySHJ2PeJJTjRzV69st3GVneu8hp%2FbrooZJOPmIhR%2FyFuttCuQaYwH8SyGkMN0Rpxs3W8IK3U1RhZ9TA%3D%3D#polycard_client=search-desktop&is_advertising=true&searchVariation=MLB35331251&backend_model=search-backend&search_layout=grid&position=16&type=pad&tracking_id=5dd12279-2155-431a-ab8d-c3698baf5f73&wid=MLB3646734189&sid=search
Bicicleta Aro 29 Dropp Z3 Câmbio Shimano 21 Vel Freio Discos Cor Preto/Rosa Tamanho do quadro 19;1.499;Particular;https://www.mercadolivre.com.br/bicicleta-aro-29-dropp-z3-cmbio-shimano-21-vel-freio-discos-cor-pretorosa-tamanho-do-quadro-19/p/MLB29298577#polycard_client=search-desktop&search_layout=grid&position=17&type=product&tracking_id=5dd12279-2155-431a-ab8d-c3698baf5f73&wid=MLB4170394425&sid=search
Bicicleta Aro 29 Dropp Z3 Câmbio Shimano 21 Vel Freio Discos Cor Preto/vermelho Tamanho Do Quadro 19;1.499;Particular;https://www.mercadolivre.com.br/bicicleta-aro-29-dropp-z3-cmbio-shimano-21-vel-freio-discos-cor-pretovermelho-tamanho-do-quadro-19/p/MLB29598157#polycard_client=search-desktop&search_layout=grid&position=18&type=product&tracking_id=5dd12279-2155-431a-ab8d-c3698baf5f73&wid=MLB5321250506&sid=search
Bicicleta Aro 29 Sutton Gold 24v Freio A Disco Mtb Alumínio Cor Branco Tamanho do quadro 21;969;Particular;https://www.mercadolivre.com.br/bicicleta-aro-29-sutton-gold-24v-freio-a-disco-mtb-aluminio-cor-branco-tamanho-do-quadro-21/p/MLB26668521#polycard_client=search-desktop&search_layout=grid&position=19&type=product&tracking_id=5dd12279-2155-431a-ab8d-c3698baf5f73&wid=MLB5965686090&sid=search
Bicicleta Aro 29 Stark Aço Carbono 21 Vel F Disco Suspensão Preto/rosa 18;1.299;Particular;https://www.mercadolivre.com.br/bicicleta-aro-29-stark-aco-carbono-21-vel-f-disco-suspenso-pretorosa-18/p/MLB65693417#polycard_client=search-desktop&search_layout=grid&position=20&type=product&tracking_id=5dd12279-2155-431a-ab8d-c3698baf5f73&wid=MLB6256371284&sid=search
